<?xml version="1.0" encoding="UTF-8"?>

<Processor Type="SynthChain" ID="CommunitySynth" Bypassed="0" Gain="1" Balance="0"
           VoiceLimit="64" KillFadeTime="20" IconColour="0" packageName=""
           BuildVersion="650">
  <ChildProcessors>
    <Processor Type="MidiProcessorChain" ID="Midi Processor" Bypassed="0">
      <ChildProcessors>
        <Processor Type="ScriptProcessor" ID="Interface" Bypassed="0">
          <ChildProcessors/>
          <Content/>
          <UIData Source="CommunitySynthUIData"/>
        </Processor>
      </ChildProcessors>
    </Processor>
    <Processor Type="ModulatorChain" ID="GainModulation" Bypassed="0" Intensity="1">
      <ChildProcessors/>
    </Processor>
    <Processor Type="ModulatorChain" ID="PitchModulation" Bypassed="1" Intensity="0">
      <ChildProcessors/>
    </Processor>
    <Processor Type="EffectChain" ID="FX" Bypassed="0">
      <ChildProcessors/>
    </Processor>
  </ChildProcessors>
  <RoutingMatrix NumSourceChannels="2" Channel0="0" Send0="-1" Channel1="1" Send1="-1"/>
  <macro_controls>
    <macro name="Macro 1" value="0.0" midi_cc="-1"/>
    <macro name="Macro 2" value="0.0" midi_cc="-1"/>
    <macro name="Macro 3" value="0.0" midi_cc="-1"/>
    <macro name="Macro 4" value="0.0" midi_cc="-1"/>
    <macro name="Macro 5" value="0.0" midi_cc="-1"/>
    <macro name="Macro 6" value="0.0" midi_cc="-1"/>
    <macro name="Macro 7" value="0.0" midi_cc="-1"/>
    <macro name="Macro 8" value="0.0" midi_cc="-1"/>
  </macro_controls>
  <MidiAutomation/>
  <MPEData Enabled="0"/>
</Processor>
